{"cpu_time": 0.0, "wallclock_time": 0.01857781410217285, "evaluations": 0, "cost": 2147483648, "incumbent": {"cell_dimension": 21, "gaussian_noise_stdev": 0.0006478773320093751, "l2_regularization": 0.00033528081672266126, "max_epoch_size": 8, "max_num_epochs": 25, "minibatch_size": 7, "num_hidden_layers": 2, "random_normal_initializer_stdev": 0.0006737358137965203}, "budget": 0, "origin": "Sobol"}
{"cpu_time": 30.11355423927307, "wallclock_time": 30.36436629295349, "evaluations": 1, "cost": 0.10344208031892776, "incumbent": {"cell_dimension": 21, "gaussian_noise_stdev": 0.0006478773320093751, "l2_regularization": 0.00033528081672266126, "max_epoch_size": 8, "max_num_epochs": 25, "minibatch_size": 7, "num_hidden_layers": 2, "random_normal_initializer_stdev": 0.0006737358137965203}, "budget": 0, "origin": "Sobol"}
{"cpu_time": 32.8124577999115, "wallclock_time": 33.565794706344604, "evaluations": 2, "cost": 0.08503127098083496, "incumbent": {"cell_dimension": 25, "gaussian_noise_stdev": 0.0003639238522388041, "l2_regularization": 0.0006348353425040842, "max_epoch_size": 3, "max_num_epochs": 2, "minibatch_size": 13, "num_hidden_layers": 1, "random_normal_initializer_stdev": 0.00024362771036103367}, "budget": 0, "origin": "Sobol"}
{"cpu_time": 178.54761266708374, "wallclock_time": 189.59522223472595, "evaluations": 18, "cost": 0.08501085638999939, "incumbent": {"cell_dimension": 24, "gaussian_noise_stdev": 0.0003712899205109161, "l2_regularization": 0.00042379625389071677, "max_epoch_size": 3, "max_num_epochs": 2, "minibatch_size": 13, "num_hidden_layers": 1, "random_normal_initializer_stdev": 0.0004926484312597168}, "budget": 0, "origin": "Local Search"}
{"cpu_time": 188.0313060283661, "wallclock_time": 202.82458019256592, "evaluations": 21, "cost": 0.08167841285467148, "incumbent": {"cell_dimension": 24, "gaussian_noise_stdev": 0.000357756114511276, "l2_regularization": 0.0006099257872231557, "max_epoch_size": 2, "max_num_epochs": 2, "minibatch_size": 13, "num_hidden_layers": 2, "random_normal_initializer_stdev": 0.0006701139060281735}, "budget": 0, "origin": "Local Search"}
{"cpu_time": 322.9084255695343, "wallclock_time": 361.0375003814697, "evaluations": 46, "cost": 0.08167576044797897, "incumbent": {"cell_dimension": 25, "gaussian_noise_stdev": 0.00035044278231522764, "l2_regularization": 0.0006902198823296096, "max_epoch_size": 2, "max_num_epochs": 2, "minibatch_size": 15, "num_hidden_layers": 2, "random_normal_initializer_stdev": 0.0006701139060281735}, "budget": 0, "origin": "Local Search"}
