{"cpu_time": 0.0, "wallclock_time": 0.019821882247924805, "evaluations": 0, "cost": 2147483648, "incumbent": {"cell_dimension": 21, "gaussian_noise_stdev": 0.0006478773320093751, "l2_regularization": 0.00033528081672266126, "max_epoch_size": 8, "max_num_epochs": 25, "minibatch_size": 7, "num_hidden_layers": 2, "random_normal_initializer_stdev": 0.0006737358137965203}, "budget": 0, "origin": "Sobol"}
{"cpu_time": 67.34086871147156, "wallclock_time": 67.80929183959961, "evaluations": 1, "cost": 3.742178440093994, "incumbent": {"cell_dimension": 21, "gaussian_noise_stdev": 0.0006478773320093751, "l2_regularization": 0.00033528081672266126, "max_epoch_size": 8, "max_num_epochs": 25, "minibatch_size": 7, "num_hidden_layers": 2, "random_normal_initializer_stdev": 0.0006737358137965203}, "budget": 0, "origin": "Sobol"}
{"cpu_time": 71.26063585281372, "wallclock_time": 72.09436511993408, "evaluations": 2, "cost": 1.4097235202789307, "incumbent": {"cell_dimension": 25, "gaussian_noise_stdev": 0.0003639238522388041, "l2_regularization": 0.0006348353425040842, "max_epoch_size": 3, "max_num_epochs": 2, "minibatch_size": 13, "num_hidden_layers": 1, "random_normal_initializer_stdev": 0.00024362771036103367}, "budget": 0, "origin": "Sobol"}
{"cpu_time": 333.5323488712311, "wallclock_time": 338.46118450164795, "evaluations": 14, "cost": 1.079464077949524, "incumbent": {"cell_dimension": 25, "gaussian_noise_stdev": 0.0007479900301785199, "l2_regularization": 0.00020653704048261535, "max_epoch_size": 2, "max_num_epochs": 2, "minibatch_size": 15, "num_hidden_layers": 1, "random_normal_initializer_stdev": 0.0002840985096266544}, "budget": 0, "origin": "Local Search"}
{"cpu_time": 346.57488656044006, "wallclock_time": 354.5483512878418, "evaluations": 17, "cost": 1.0790538787841797, "incumbent": {"cell_dimension": 25, "gaussian_noise_stdev": 0.000746566460766062, "l2_regularization": 0.00021569138702677126, "max_epoch_size": 2, "max_num_epochs": 2, "minibatch_size": 15, "num_hidden_layers": 2, "random_normal_initializer_stdev": 0.0007658128385466559}, "budget": 0, "origin": "Local Search"}
{"cpu_time": 410.68008637428284, "wallclock_time": 427.85994052886963, "evaluations": 25, "cost": 1.078966498374939, "incumbent": {"cell_dimension": 25, "gaussian_noise_stdev": 0.0007468403342115084, "l2_regularization": 0.00012794672196045096, "max_epoch_size": 2, "max_num_epochs": 2, "minibatch_size": 15, "num_hidden_layers": 2, "random_normal_initializer_stdev": 0.0007708019740397152}, "budget": 0, "origin": "Local Search"}
{"cpu_time": 479.76781034469604, "wallclock_time": 502.0743634700775, "evaluations": 30, "cost": 1.0787984132766724, "incumbent": {"cell_dimension": 23, "gaussian_noise_stdev": 0.0006624712276940236, "l2_regularization": 0.00016486107761058043, "max_epoch_size": 2, "max_num_epochs": 2, "minibatch_size": 15, "num_hidden_layers": 2, "random_normal_initializer_stdev": 0.0007689579985934768}, "budget": 0, "origin": "Local Search"}
{"cpu_time": 487.4297125339508, "wallclock_time": 512.6015532016754, "evaluations": 32, "cost": 1.0787616968154907, "incumbent": {"cell_dimension": 23, "gaussian_noise_stdev": 0.0007688173355032215, "l2_regularization": 0.0001646453415660884, "max_epoch_size": 2, "max_num_epochs": 2, "minibatch_size": 15, "num_hidden_layers": 2, "random_normal_initializer_stdev": 0.0007687010793594742}, "budget": 0, "origin": "Local Search"}
{"cpu_time": 491.19169425964355, "wallclock_time": 517.7186057567596, "evaluations": 33, "cost": 1.0786736011505127, "incumbent": {"cell_dimension": 23, "gaussian_noise_stdev": 0.0006808021060829842, "l2_regularization": 0.0001656316024040289, "max_epoch_size": 2, "max_num_epochs": 2, "minibatch_size": 15, "num_hidden_layers": 2, "random_normal_initializer_stdev": 0.0007685315955869881}, "budget": 0, "origin": "Local Search"}
{"cpu_time": 687.0993101596832, "wallclock_time": 732.5093941688538, "evaluations": 50, "cost": 1.0786250829696655, "incumbent": {"cell_dimension": 23, "gaussian_noise_stdev": 0.0006713681912995365, "l2_regularization": 0.00032618493265960583, "max_epoch_size": 2, "max_num_epochs": 2, "minibatch_size": 15, "num_hidden_layers": 2, "random_normal_initializer_stdev": 0.0007685315955869881}, "budget": 0, "origin": "Local Search"}
