mae,mse,rmse,smape,mase
0.4036566791883329,0.3571130962244473,0.5975894043776607,0.051771859799728454,2.1913128154088075
