mae,mse,rmse,smape,mase
0.4024216585310678,0.2796010137068864,0.5287731212031171,0.05175401400467221,0.4180054876130167
