mae,mse,rmse,smape,mase
9.639620949079836,147.4833576970967,12.144272629395994,0.06453258469672687,1.2649611939520657
