mae,mse,rmse,smape,mase
8.982192970133402,123.8715082877795,11.129757782080413,0.08982851095601509,1.293789013590023
