mae,mse,rmse,smape,mase
13.38900557250378,260.08573635297296,16.127173848910196,0.1086348686869357,1.1882384760787486
