mae,mse,rmse,smape,mase
12.77817033646582,246.7334397755241,15.707750945807744,0.10391977934939038,1.3251116217475223
