mae,mse,rmse,smape,mase
6.271360320653199,62.81769018330708,7.925761173748997,0.06288631448730511,0.8809861507898145
