mae,mse,rmse,smape,mase
12.532614662149504,239.4026776594219,15.472642878946761,0.10159980344127272,1.133718589481826
