mae,mse,rmse,smape,mase
9.09207887107319,127.15581200188446,11.27633859024659,0.09143764395055545,1.1191596520602045
