mae,mse,rmse,smape,mase
8.450422284915009,111.85258691909607,10.576038337633618,0.08502217259261566,1.2080132712543132
