mae,mse,rmse,smape,mase
12.389796733735329,233.10759667534546,15.26786156196556,0.10025476340312031,1.1096100848376054
