mae,mse,rmse,smape,mase
12.373175169323673,232.7969353900222,15.257684470129215,0.10010078181167761,1.4321543878191714
