mae,mse,rmse,smape,mase
7.607020332345001,87.0719827759756,9.33123693708265,0.07618223255476711,0.9202482823317776
