mae,mse,rmse,smape,mase
9.692906829808718,147.71262609087256,12.153708326715455,0.06486357316877621,1.2719536443465007
