mae,mse,rmse,smape,mase
13.636096849039967,270.9950241999046,16.461926503295555,0.11091487795386286,1.2101671667715561
