mae,mse,rmse,smape,mase
12.446427625447644,234.27355288420472,15.305997284862059,0.10075081189681706,1.4706427031481775
