mae,mse,rmse,smape,mase
12.404456577790778,231.76754809321767,15.22391369172913,0.10053818827141985,1.1154536959544128
