mae,mse,rmse,smape,mase
9.301463525959312,132.67540861496627,11.518481176568649,0.09336607979867116,1.255459282597536
