mae,mse,rmse,smape,mase
8.796065970545094,117.23032649218712,10.827295437559055,0.08852400161605374,1.2574240752696053
