mae,mse,rmse,smape,mase
7.629289138450851,87.72324092606736,9.366068594990502,0.07639637378913489,0.9229422189420627
