mae,mse,rmse,smape,mase
9.787176800896795,150.8085554010414,12.280413486566378,0.06550418480540662,0.9918067195750312
