mae,mse,rmse,smape,mase
2.834106998165402,15.732322710402922,3.9663992121826217,0.02871787637791334,0.3837764748770871
