mae,mse,rmse,smape,mase
10.041235604773489,157.7615015743603,12.560314549180697,0.06721315507391833,1.0175523696208149
