mae,mse,rmse,smape,mase
2.225149747631865,8.646547769270704,2.940501278569813,0.022351455067976443,0.3031822191241444
