mae,mse,rmse,smape,mase
7.602931384404221,87.2123997407867,9.338757933514858,0.07612276408556189,1.0295398894000174
