mae,mse,rmse,smape,mase
12.37410644641683,232.96684505353073,15.263251457455935,0.10012212440250456,1.1082048881732243
