mae,mse,rmse,smape,mase
6.489682462622641,67.37716103886204,8.208359217216437,0.06511326377528037,0.8842354688815722
