mae,mse,rmse,smape,mase
6.277812432604962,62.76684364350036,7.922552848892859,0.06294115997892523,0.8818925285104707
