mae,mse,rmse,smape,mase
3.9852411209334173,28.153715495158682,5.306007491057535,0.026591567421272697,0.43982629888166874
