mae,mse,rmse,smape,mase
10.101077269041982,151.81584498122018,12.32135727025315,0.06730661838874091,1.1281805565309426
