mae,mse,rmse,smape,mase
8.996395854182321,124.23737592330514,11.146182123189318,0.08999836488823262,1.295834787423304
