mae,mse,rmse,smape,mase
12.445215995496044,234.30330368084677,15.306969121313559,0.10074097894820637,1.1258123787068148
