mae,mse,rmse,smape,mase
9.895345702748397,153.761126029185,12.400045404319494,0.0662334890022025,1.0027682711938435
