mae,mse,rmse,smape,mase
8.988916635385653,124.11240735268774,11.140574821466249,0.0899229883566608,1.2386078089589536
