mae,mse,rmse,smape,mase
8.98972039654641,124.2120558283463,11.145046246128649,0.0899152448720647,1.294873259010505
