mae,mse,rmse,smape,mase
9.621035544506583,146.72599382012237,12.113050557977639,0.06437478526612349,1.0568397199088069
