mae,mse,rmse,smape,mase
12.468954232913347,235.25424672309532,15.338000088769569,0.10094483393293137,1.4733043978844556
