mae,mse,rmse,smape,mase
6.46535920101638,66.91822996199943,8.180356346883638,0.06485279487295817,0.9007288492710656
