mae,mse,rmse,smape,mase
11.262033888597779,191.68357126693672,13.844983613819727,0.07535326603606123,1.2612288489925227
