mae,mse,rmse,smape,mase
13.390751737870046,259.8582715861638,16.120120085972182,0.10869308888650697,1.188393443590156
