mae,mse,rmse,smape,mase
9.131750281501246,128.78157208853105,11.348196865076453,0.09149335578578026,1.258289254080428
