mae,mse,rmse,smape,mase
8.428634734362891,111.44850606639582,10.55691745096057,0.08478045351907568,1.2048986754000839
