mae,mse,rmse,smape,mase
6.279155862219064,62.928318281203445,7.932737124171168,0.06296229537475646,0.9016111870715312
