mae,mse,rmse,smape,mase
9.091368976823714,129.08447671198746,11.361534962846678,0.09118602338115825,1.3019356642305355
