mae,mse,rmse,smape,mase
9.071705293413903,128.45688166333215,11.333882020884642,0.09099805678879065,1.1301682949054777
