mae,mse,rmse,smape,mase
10.02525209479915,151.21426413902387,12.296920921068976,0.06678308660030628,1.1197117086053345
