mae,mse,rmse,smape,mase
8.64284572653811,113.16126609621993,10.637728427451979,0.08658420330580548,1.2377045877807658
