mae,mse,rmse,smape,mase
2.2579338850475095,8.913413447147965,2.9855340304789637,0.02267893113659057,0.30764913985355785
