mae,mse,rmse,smape,mase
2.347477001702247,9.340043625653497,3.056148495353833,0.023584780150565143,0.3198496134817115
