mae,mse,rmse,smape,mase
9.896057854368467,154.13119644307616,12.414958575971012,0.06624669561552483,1.0921664129035946
