mae,mse,rmse,smape,mase
6.28850989621301,63.12461755938319,7.945100223369318,0.06305496244602811,0.8833952833842789
