mae,mse,rmse,smape,mase
8.789676826866229,117.03910092543839,10.818461116325112,0.08846600977199923,1.0738353019217979
