mae,mse,rmse,smape,mase
9.094045693466073,128.99177018871833,11.357454388581903,0.09123043338212106,1.1329514994979808
