mae,mse,rmse,smape,mase
12.454588500140213,234.70301461777782,15.320020059313821,0.10082196754023764,1.1266602291379935
