mae,mse,rmse,smape,mase
12.764823712153044,246.26297201749756,15.692768143877535,0.1038085710874684,1.1478592148422444
