mae,mse,rmse,smape,mase
12.532260165842391,239.8434540238165,15.486880061000553,0.10159993289618252,1.1336865212291822
