mae,mse,rmse,smape,mase
2.224724184739454,8.641456383533855,2.9396354167709053,0.022350984613664276,0.31944360947919176
