mae,mse,rmse,smape,mase
12.591534936494881,244.90109728125148,15.649316192129657,0.10179940801316767,1.1276774308231536
