mae,mse,rmse,smape,mase
6.78339868233612,71.89426872691196,8.479048810268281,0.06794932615681752,0.9667291861585138
