mae,mse,rmse,smape,mase
13.65343577132865,271.62684364018753,16.481105655877204,0.1110592910138656,1.3412614356274977
