mae,mse,rmse,smape,mase
6.767827678094997,71.62292820129154,8.46303303794163,0.06780671756640808,0.9555093459965134
