mae,mse,rmse,smape,mase
3.459702880941332,21.95586852714976,4.685708967397544,0.02304439253457729,0.3868080528503994
