mae,mse,rmse,smape,mase
10.080697172189991,151.9809307498623,12.328054621466531,0.06715332919942778,1.1270606114847643
