mae,mse,rmse,smape,mase
11.255818744708867,191.58291856231267,13.841348148295117,0.07530258297310902,1.2605328185196192
