mae,mse,rmse,smape,mase
12.460496632644126,234.75860787010086,15.321834350693813,0.10088541395737535,1.4723050663094552
