mae,mse,rmse,smape,mase
12.775884238150013,246.59482800404652,15.703338116593125,0.10389283531962773,1.148853817429238
