mae,mse,rmse,smape,mase
12.774467600564941,246.58822030916434,15.70312772377415,0.10388997749482806,1.1487264282429255
