mae,mse,rmse,smape,mase
8.982801131280688,123.94177695505145,11.132914126815649,0.08985494864530201,1.293876612711247
