mae,mse,rmse,smape,mase
11.276315564920571,192.0523083092527,13.858293845537144,0.07544506752747313,1.2168119734431313
