mae,mse,rmse,smape,mase
12.76970806893817,246.30631123166313,15.694148948944735,0.10385365095094608,1.3242340744342562
