mae,mse,rmse,smape,mase
2.3318670882009145,9.218739770052448,3.03623776573121,0.02340762733837233,0.3348280405230867
