mae,mse,rmse,smape,mase
9.651258327553043,148.56986871585693,12.188924017970452,0.06460028955772669,1.060159595136575
