mae,mse,rmse,smape,mase
6.781091928877101,71.78341665547956,8.472509466237234,0.06793881231982644,0.9573820466905579
