mae,mse,rmse,smape,mase
6.769234124902932,71.59475834722825,8.46136858594567,0.06781093788839064,0.9557079138581006
