mae,mse,rmse,smape,mase
9.261568423130845,130.80363287961634,11.43694158766304,0.0929804867195359,1.250074465784956
