mae,mse,rmse,smape,mase
8.58634132085113,112.09679302242954,10.587577297117106,0.08599731999089573,1.2296128360173555
