mae,mse,rmse,smape,mase
12.39145643480143,233.87523694149831,15.292979988919697,0.10027910012731067,1.434270384255864
