mae,mse,rmse,smape,mase
6.276483653064054,62.645552938357355,7.9148943731648975,0.06293749466593794,0.8817058646428029
