mae,mse,rmse,smape,mase
9.84330008228841,153.07542802271146,12.372365498267154,0.0659012197161203,0.9974941050939793
