mae,mse,rmse,smape,mase
12.43491321699733,234.0020785645065,15.297126480633755,0.10065137108612021,1.4692821857950782
