mae,mse,rmse,smape,mase
2.270420472037485,8.9998537267421,2.9999756210246273,0.022800054933351716,0.3260050461976903
