mae,mse,rmse,smape,mase
3.400404893227268,21.288462213144367,4.613942155374769,0.022665521271338557,0.3801783103681827
