mae,mse,rmse,smape,mase
13.372205425303234,259.4822177470083,16.10845174891145,0.10849681563191585,1.1867475078959833
