mae,mse,rmse,smape,mase
5.583508818203385,55.015123327889356,7.417218031572846,0.03734320226496093,0.6162171732555964
