mae,mse,rmse,smape,mase
8.643568527041714,113.60234255714612,10.65843996826675,0.0865656510381075,1.237808096917417
