mae,mse,rmse,smape,mase
9.079589838760086,128.8661927603297,11.351924628023642,0.09107918322819389,1.3002488247701611
