mae,mse,rmse,smape,mase
9.109843428094194,127.66645499359467,11.298958137527313,0.09163101175950916,1.2295954784848175
