mae,mse,rmse,smape,mase
9.115122087943329,127.97963180307367,11.312808307536802,0.09169817007736984,1.2303079623309099
