mae,mse,rmse,smape,mase
8.782142198101429,116.85964279519179,10.810163865325622,0.0883869116845852,1.072914795910725
