mae,mse,rmse,smape,mase
6.254653083481659,62.58257476781992,7.910914913448376,0.06271468271423176,0.8786391568660858
