mae,mse,rmse,smape,mase
12.628066614055086,246.67185180883013,15.70579039108921,0.10211593962567692,1.1309491485686485
