mae,mse,rmse,smape,mase
6.77843174956564,71.61643625158057,8.462649481786455,0.06790533453513532,0.9660213287702383
