mae,mse,rmse,smape,mase
9.894320257199402,153.42373384238076,12.38643345932883,0.06623248458922734,1.0026643552427226
