mae,mse,rmse,smape,mase
9.14830192144155,129.29093040860732,11.370616975723319,0.09167251830044144,1.260569950555066
