mae,mse,rmse,smape,mase
12.44987335582462,234.47012875280384,15.312417469256898,0.10077234388790758,1.1262336903105594
