mae,mse,rmse,smape,mase
6.306159767965093,63.479551604840516,7.967405575520837,0.06322136515843958,0.9054886228367014
