mae,mse,rmse,smape,mase
12.446164546217853,234.40600271981194,15.310323403501702,0.10074445009016912,1.4706116182809945
