mae,mse,rmse,smape,mase
8.783601345436248,116.93307497930563,10.813559773696433,0.08839364621957162,1.0730930600209647
