mae,mse,rmse,smape,mase
2.8433805231069544,15.416309753160133,3.926360879129698,0.02880039134955471,0.3850322357619293
