mae,mse,rmse,smape,mase
11.244311647923565,191.5302563531776,13.839445666397827,0.07521960076641161,1.2592441452144834
