mae,mse,rmse,smape,mase
2.366028580665106,10.369945357161148,3.220239953351481,0.023744435719969998,0.33719216447800465
