mae,mse,rmse,smape,mase
11.26663483601746,191.9002321933015,13.852805932131638,0.07538051051677558,1.2157673390700383
