mae,mse,rmse,smape,mase
6.462177055716678,66.87993019037421,8.178015051977724,0.06482955528393675,0.8804877883883659
