mae,mse,rmse,smape,mase
11.21579779865352,190.7686810309097,13.81190359910283,0.07503191845338604,1.2560508952517377
