mae,mse,rmse,smape,mase
3.7723043394608125,26.535596420857274,5.151271340247694,0.02508256798585117,0.40706426326050876
