mae,mse,rmse,smape,mase
12.762703465458708,246.18492906314808,15.690281357042265,0.10378833161708796,1.323507688634727
