mae,mse,rmse,smape,mase
9.156643715921016,129.56941493021336,11.382856185079971,0.09177589545106143,1.2617193896034071
