mae,mse,rmse,smape,mase
8.79797601877763,117.26418319293944,10.828858813048559,0.08854805989387271,1.2576971224068783
