mae,mse,rmse,smape,mase
12.37880800195586,232.3899237916656,15.244340713578453,0.1001454978938673,1.1086259518559176
