mae,mse,rmse,smape,mase
12.38812486943423,233.0354168040997,15.265497594382559,0.10023994204082179,1.433884766506689
