mae,mse,rmse,smape,mase
6.275614078630904,63.022340127490764,7.938661104209624,0.06291913875532065,0.9011026295877961
