mae,mse,rmse,smape,mase
8.979850522325329,123.98049958090985,11.134653096567932,0.0898358509381084,1.2373585640400258
