mae,mse,rmse,smape,mase
9.094678329602718,127.18547078800475,11.277653602944397,0.09145776126750084,1.2275485787018428
