mae,mse,rmse,smape,mase
2.359007667948166,10.176454355319,3.190055541102537,0.023658194485723264,0.336191586219998
