mae,mse,rmse,smape,mase
3.8223379471259933,27.417310691943015,5.236154189091744,0.025439902311495628,0.41246332224666765
