mae,mse,rmse,smape,mase
8.782908160995017,116.93371169216388,10.81358921413995,0.08838932933394163,1.0730083736396108
