mae,mse,rmse,smape,mase
3.419999771189229,21.260512117023108,4.610912286849871,0.02277612158614458,0.3823690928865489
