mae,mse,rmse,smape,mase
9.083679621057222,128.65390903889562,11.342570653908028,0.09109894277875431,1.3008345048195742
