mae,mse,rmse,smape,mase
13.649300554721663,271.7518422066458,16.484897397516484,0.11103658763495541,1.3408552077259046
