mae,mse,rmse,smape,mase
12.4028777612119,232.21247173713755,15.238519342020652,0.1005300695531917,1.1153117230451524
