mae,mse,rmse,smape,mase
6.45549648678958,66.98079084871004,8.184179302087049,0.06476382712175974,0.8795775441612146
