mae,mse,rmse,smape,mase
6.321181180447855,63.636019152370146,7.977218760468472,0.06337002543403983,0.8879848696092367
