mae,mse,rmse,smape,mase
13.647283639506277,271.3731988860849,16.473408842315692,0.11100692048012725,1.2111599645401367
