mae,mse,rmse,smape,mase
8.782120888243934,116.85856234248969,10.810113891282075,0.08838968886538148,1.0729121924842615
