mae,mse,rmse,smape,mase
12.767492303800589,246.41865445121027,15.697727684324578,0.10383647600763883,1.3240042969264003
