mae,mse,rmse,smape,mase
12.637219155559754,246.6703077946574,15.705741236715234,0.10219639130225737,1.1317688353297575
