mae,mse,rmse,smape,mase
8.409465503072804,110.81054461675225,10.526658758445258,0.08459494386179771,1.2021583761561623
