mae,mse,rmse,smape,mase
5.457068577694573,52.22599122312341,7.22675523475947,0.03648075008693975,0.5994413803477593
