mae,mse,rmse,smape,mase
9.84628522220926,152.77252145351844,12.360118181211636,0.06592238849599517,0.9977966113113085
