mae,mse,rmse,smape,mase
7.607964915171998,87.26850512876705,9.341761350450302,0.07618909875599542,1.0302214976439876
