mae,mse,rmse,smape,mase
10.062999088823668,151.7611986672565,12.319139526251682,0.06703459498226001,1.1250818978779331
