mae,mse,rmse,smape,mase
11.238885950424603,191.55706628152515,13.840414238075576,0.07519268482310215,1.2586365243993367
