mae,mse,rmse,smape,mase
13.640972453606908,271.3682092581703,16.473257396707254,0.11095421199761103,1.3400370868481777
