mae,mse,rmse,smape,mase
10.06890668787209,151.6455766338231,12.314445851674492,0.06708656304663413,1.125742390111971
