mae,mse,rmse,smape,mase
12.580174476700822,240.9802200343839,15.523537613391603,0.10197518698055258,1.138020919627824
