mae,mse,rmse,smape,mase
11.284240080633882,192.48702701473098,13.873969403697378,0.07550548541974264,1.263715707964822
