mae,mse,rmse,smape,mase
8.981768257205387,123.96921030266832,11.134146141607282,0.08983580938707429,1.293727838226498
