mae,mse,rmse,smape,mase
7.60143425966055,87.08260478579575,9.331806083807987,0.07612392922141255,1.0293371584315152
