mae,mse,rmse,smape,mase
12.76600815772979,246.29728804803585,15.693861476642256,0.10381602239353975,1.32385038919509
