mae,mse,rmse,smape,mase
3.5508746232528137,21.126698620215166,4.59637885951704,0.023668526558922518,0.39188796761495065
