mae,mse,rmse,smape,mase
3.389379364970813,19.653299138455605,4.433204161603163,0.022547999261359048,0.37231239009253125
