mae,mse,rmse,smape,mase
6.760975467476744,71.41854915285462,8.450949600657587,0.06773885094060629,0.9545419231249668
