mae,mse,rmse,smape,mase
7.611830423402754,87.22537592504312,9.339452656609119,0.07623023274438437,0.9208301761404397
