mae,mse,rmse,smape,mase
12.443321689732624,234.23168093952125,15.30462939569336,0.10073255960662926,1.4702757125679728
