mae,mse,rmse,smape,mase
11.254294437647355,191.8409689912378,13.85066673453801,0.07529055771494092,1.214435703359123
