mae,mse,rmse,smape,mase
6.4713233608541945,67.28134030799782,8.202520363156548,0.06492162459441883,0.9015597529626559
