mae,mse,rmse,smape,mase
10.10254050443601,152.46039627427777,12.347485423124732,0.06730684640691596,1.1283439840226057
