mae,mse,rmse,smape,mase
9.630446824931205,146.23213919748102,12.09264814660052,0.06445864497771833,1.2637573176691894
