mae,mse,rmse,smape,mase
9.2446996742415,130.44426416820048,11.421219907181564,0.09282351354954267,1.247797616843945
