mae,mse,rmse,smape,mase
9.081442416552374,128.78019312378945,11.348136107916112,0.09109714536414215,1.1313813620740811
