mae,mse,rmse,smape,mase
9.121202386500373,127.972704581732,11.312502136208948,0.0917352315407268,1.122744515748085
