mae,mse,rmse,smape,mase
2.861195711803635,15.64333518420514,3.955165632967239,0.028959851134373805,0.3874446536140809
