mae,mse,rmse,smape,mase
6.4687084400570525,66.72317903371639,8.168425737785487,0.06490017790852408,0.9011954523062943
