mae,mse,rmse,smape,mase
8.981794843188437,123.89246782590901,11.130699341277214,0.08984604831883852,1.2937316676535549
