mae,mse,rmse,smape,mase
3.8346060154448716,27.317546822347904,5.226619062295233,0.025524691196449026,0.41378715291950446
