mae,mse,rmse,smape,mase
9.80653786898509,151.75360312468973,12.318831240206586,0.06564616240928725,1.0822866483793618
