mae,mse,rmse,smape,mase
9.892965559653534,154.5886082503448,12.433366730308602,0.0662261855907862,1.0918251355509203
