mae,mse,rmse,smape,mase
8.78918249548338,117.11458027351904,10.82194900530949,0.0884612770915478,1.073774909429536
