mae,mse,rmse,smape,mase
6.7584227519817475,71.43785291750464,8.452091629739034,0.06771283642592868,0.9631697667648248
