mae,mse,rmse,smape,mase
8.974706937407907,123.70845569346534,11.122430296183714,0.08976544273736463,1.2366498151770446
