mae,mse,rmse,smape,mase
3.886222208645827,26.85869314580678,5.182537327005641,0.025912730660215766,0.4268889738000935
