mae,mse,rmse,smape,mase
13.629766210578325,270.8349756247597,16.45706461142933,0.11085771189818627,1.2096053395202688
