mae,mse,rmse,smape,mase
6.758365146418037,71.40579265726772,8.450194829544921,0.06770656074847253,0.9541733874165713
