mae,mse,rmse,smape,mase
9.12473968047105,128.19416622031298,11.322286262955595,0.09179116193283732,1.1231799273569805
