mae,mse,rmse,smape,mase
8.798523425771446,117.22786225144144,10.827181639348323,0.0885528186716885,1.2577753758823864
