mae,mse,rmse,smape,mase
12.767707454736021,246.32497588070962,15.694743574863198,0.10382927093547985,1.3240266083369905
