mae,mse,rmse,smape,mase
2.3737492255621233,10.483106798058968,3.237762622253053,0.023818652579854643,0.3382924643582621
