mae,mse,rmse,smape,mase
12.427098224413559,232.85532380661058,15.259597760315001,0.10071616406149696,1.1174897148843426
