mae,mse,rmse,smape,mase
6.7701786600090905,71.68984724895624,8.466985723913572,0.0678198616491727,0.9558412671532023
