mae,mse,rmse,smape,mase
9.703583053243863,149.68839699686345,12.234720961136116,0.06492800766206196,1.065907297469404
