{"ta_runs": 50, "n_configs": 50, "wallclock_time_used": 173.18112015724182, "ta_time_used": 141.73020243644714, "inc_changed": 1, "_n_configs_per_intensify": 49, "_n_calls_of_intensify": 39, "_ema_n_configs_per_intensifiy": 1.0020769187434142, "_EMA_ALPHA": 0.2}